equipment_id,localize_key
,
201011000111,DAGGER_OAKKNIFE
201011000121,DAGGER_OAKKNIFE
201011000131,DAGGER_OAKKNIFE
201011000211,DAGGER_BRONZEKNIFE
201011000221,DAGGER_BRONZEKNIFE
201011000231,DAGGER_BRONZEKNIFE
201011000311,DAGGER_IRONKNIFE
201011000321,DAGGER_IRONKNIFE
201011000331,DAGGER_IRONKNIFE
201011000411,DAGGER_MISSINGDAGGER
201011000421,DAGGER_MISSINGDAGGER
201011000431,DAGGER_MISSINGDAGGER
201011000511,DAGGER_JACKKNIFE
201011000521,DAGGER_JACKKNIFE
201011000531,DAGGER_JACKKNIFE
201012000111,DAGGER_KATAR
201012000121,DAGGER_KATAR
201012000131,DAGGER_KATAR
201012000211,DAGGER_SILVERDAGGER
201012000221,DAGGER_SILVERDAGGER
201012000231,DAGGER_SILVERDAGGER
201012000311,DAGGER_MITHRILDAGGER
201012000321,DAGGER_MITHRILDAGGER
201012000331,DAGGER_MITHRILDAGGER
201012000411,DAGGER_DOUBLEDAGGER
201012000421,DAGGER_DOUBLEDAGGER
201012000431,DAGGER_DOUBLEDAGGER
201012000511,DAGGER_GLADIUS
201012000521,DAGGER_GLADIUS
201012000531,DAGGER_GLADIUS
201012000611,DAGGER_KUKRI
201012000621,DAGGER_KUKRI
201012000631,DAGGER_KUKRI
201012000711,DAGGER_ELEPHANTKNIFE
201012000721,DAGGER_ELEPHANTKNIFE
201012000731,DAGGER_ELEPHANTKNIFE
201013000111,DAGGER_SACREDKNIFE
201013000121,DAGGER_SACREDKNIFE
201013000131,DAGGER_SACREDKNIFE
201013000211,DAGGER_POISONBLADE
201013000221,DAGGER_POISONBLADE
201013000231,DAGGER_POISONBLADE
201013000311,DAGGER_SWORDBREAKER
201013000321,DAGGER_SWORDBREAKER
201013000331,DAGGER_SWORDBREAKER
201013000411,DAGGER_FALCHIONKNIFE
201013000421,DAGGER_FALCHIONKNIFE
201013000431,DAGGER_FALCHIONKNIFE
201013000511,DAGGER_ASSASSINSDAGGER
201013000521,DAGGER_ASSASSINSDAGGER
201013000531,DAGGER_ASSASSINSDAGGER
201013000611,DAGGER_STEALTHDAGGER
201013000621,DAGGER_STEALTHDAGGER
201013000631,DAGGER_STEALTHDAGGER
201013000711,DAGGER_CRESCENTDAGGER
201013000721,DAGGER_CRESCENTDAGGER
201013000731,DAGGER_CRESCENTDAGGER
201014000111,DAGGER_RUNEKNIFE
201014000121,DAGGER_RUNEKNIFE
201014000131,DAGGER_RUNEKNIFE
201014000141,DAGGER_RUNEKNIFE
201014000211,DAGGER_SPEEDMASTER
201014000221,DAGGER_SPEEDMASTER
201014000231,DAGGER_SPEEDMASTER
201014000241,DAGGER_SPEEDMASTER
201014000311,DAGGER_ADAMANTINEKNIFE
201014000321,DAGGER_ADAMANTINEKNIFE
201014000331,DAGGER_ADAMANTINEKNIFE
201014000341,DAGGER_ADAMANTINEKNIFE
201014000411,DAGGER_ANERAS
201014000421,DAGGER_ANERAS
201014000431,DAGGER_ANERAS
201014000441,DAGGER_ANERAS
201014000511,DAGGER_SOULKNIFE
201014000521,DAGGER_SOULKNIFE
201014000531,DAGGER_SOULKNIFE
201014000541,DAGGER_SOULKNIFE
201014000611,DAGGER_TRICKSTER
201014000621,DAGGER_TRICKSTER
201014000631,DAGGER_TRICKSTER
201014000641,DAGGER_TRICKSTER
201015000111,DAGGER_TWINSWORDSOFTRUEBLUE
201015000121,DAGGER_TWINSWORDSOFTRUEBLUE
201015000131,DAGGER_TWINSWORDSOFTRUEBLUE
201015000141,DAGGER_TWINSWORDSOFTRUEBLUE
201015000151,DAGGER_TWINSWORDSOFTRUEBLUE
201015000211,DAGGER_FIERCEGODKNIFE
201015000221,DAGGER_FIERCEGODKNIFE
201015000231,DAGGER_FIERCEGODKNIFE
201015000241,DAGGER_FIERCEGODKNIFE
201015000251,DAGGER_FIERCEGODKNIFE
201015000311,DAGGER_DRAGONSLAYER
201015000321,DAGGER_DRAGONSLAYER
201015000331,DAGGER_DRAGONSLAYER
201015000341,DAGGER_DRAGONSLAYER
201015000351,DAGGER_DRAGONSLAYER
201015000411,DAGGER_ULTIMATEBREAKER
201015000421,DAGGER_ULTIMATEBREAKER
201015000431,DAGGER_ULTIMATEBREAKER
201015000441,DAGGER_ULTIMATEBREAKER
201015000451,DAGGER_ULTIMATEBREAKER
201015000511,DAGGER_STRAYCAT
201015000521,DAGGER_STRAYCAT
201015000531,DAGGER_STRAYCAT
201015000541,DAGGER_STRAYCAT
201015000551,DAGGER_STRAYCAT
201015000611,DAGGER_MURDERLESS
201015000621,DAGGER_MURDERLESS
201015000631,DAGGER_MURDERLESS
201015000641,DAGGER_MURDERLESS
201015000651,DAGGER_MURDERLESS
201021000111,SWORD_TWIG
201021000121,SWORD_TWIG
201021000131,SWORD_TWIG
201021000211,SWORD_RUSTYSWORD
201021000221,SWORD_RUSTYSWORD
201021000231,SWORD_RUSTYSWORD
201021000311,SWORD_BRONZESWORD
201021000321,SWORD_BRONZESWORD
201021000331,SWORD_BRONZESWORD
201021000411,SWORD_STEELSWORD
201021000421,SWORD_STEELSWORD
201021000431,SWORD_STEELSWORD
201021000511,SWORD_TWOHANDEDSWORD
201021000521,SWORD_TWOHANDEDSWORD
201021000531,SWORD_TWOHANDEDSWORD
201022000111,SWORD_FALCHION
201022000121,SWORD_FALCHION
201022000131,SWORD_FALCHION
201022000211,SWORD_MITHRILSWORD
201022000221,SWORD_MITHRILSWORD
201022000231,SWORD_MITHRILSWORD
201022000311,SWORD_CLAYMORE
201022000321,SWORD_CLAYMORE
201022000331,SWORD_CLAYMORE
201022000411,SWORD_ZWEIHENDER
201022000421,SWORD_ZWEIHENDER
201022000431,SWORD_ZWEIHENDER
201022000511,SWORD_GALIENTSWORD
201022000521,SWORD_GALIENTSWORD
201022000531,SWORD_GALIENTSWORD
201022000611,SWORD_VIKINGSWORD
201022000621,SWORD_VIKINGSWORD
201022000631,SWORD_VIKINGSWORD
201022000711,SWORD_FLAMBERGE
201022000721,SWORD_FLAMBERGE
201022000731,SWORD_FLAMBERGE
201023000111,SWORD_LEVATEIN
201023000121,SWORD_LEVATEIN
201023000131,SWORD_LEVATEIN
201023000211,SWORD_MALEFICENT
201023000221,SWORD_MALEFICENT
201023000231,SWORD_MALEFICENT
201023000311,SWORD_GALEFORCESWORD
201023000321,SWORD_GALEFORCESWORD
201023000331,SWORD_GALEFORCESWORD
201023000411,SWORD_SOLDIERCHIEFSSWORD
201023000421,SWORD_SOLDIERCHIEFSSWORD
201023000431,SWORD_SOLDIERCHIEFSSWORD
201023000511,SWORD_THEHOLYSWORDOFGRAM
201023000521,SWORD_THEHOLYSWORDOFGRAM
201023000531,SWORD_THEHOLYSWORDOFGRAM
201023000611,SWORD_THEGREATSWORDOFTHEEARTH
201023000621,SWORD_THEGREATSWORDOFTHEEARTH
201023000631,SWORD_THEGREATSWORDOFTHEEARTH
201023000711,SWORD_MAJINSRAPIER
201023000721,SWORD_MAJINSRAPIER
201023000731,SWORD_MAJINSRAPIER
201024000111,SWORD_MURAMASA
201024000121,SWORD_MURAMASA
201024000131,SWORD_MURAMASA
201024000141,SWORD_MURAMASA
201024000211,SWORD_SWORDOFTHUNDER
201024000221,SWORD_SWORDOFTHUNDER
201024000231,SWORD_SWORDOFTHUNDER
201024000241,SWORD_SWORDOFTHUNDER
201024000311,SWORD_THEGREATSWORDOFGLADIUS
201024000321,SWORD_THEGREATSWORDOFGLADIUS
201024000331,SWORD_THEGREATSWORDOFGLADIUS
201024000341,SWORD_THEGREATSWORDOFGLADIUS
201024000411,SWORD_CARMILLASWORD
201024000421,SWORD_CARMILLASWORD
201024000431,SWORD_CARMILLASWORD
201024000441,SWORD_CARMILLASWORD
201024000511,SWORD_BLIZZARDSWORD
201024000521,SWORD_BLIZZARDSWORD
201024000531,SWORD_BLIZZARDSWORD
201024000541,SWORD_BLIZZARDSWORD
201024000611,SWORD_BASTARDSWORD
201024000621,SWORD_BASTARDSWORD
201024000631,SWORD_BASTARDSWORD
201024000641,SWORD_BASTARDSWORD
201025000111,SWORD_FIERCEGODSWORD
201025000121,SWORD_FIERCEGODSWORD
201025000131,SWORD_FIERCEGODSWORD
201025000141,SWORD_FIERCEGODSWORD
201025000151,SWORD_FIERCEGODSWORD
201025000211,SWORD_DOUBLEEDGEDSWORD
201025000221,SWORD_DOUBLEEDGEDSWORD
201025000231,SWORD_DOUBLEEDGEDSWORD
201025000241,SWORD_DOUBLEEDGEDSWORD
201025000251,SWORD_DOUBLEEDGEDSWORD
201025000311,SWORD_AMENOHABAKIRI
201025000321,SWORD_AMENOHABAKIRI
201025000331,SWORD_AMENOHABAKIRI
201025000341,SWORD_AMENOHABAKIRI
201025000351,SWORD_AMENOHABAKIRI
201025000411,SWORD_RODIASTREASURESWORD
201025000421,SWORD_RODIASTREASURESWORD
201025000431,SWORD_RODIASTREASURESWORD
201025000441,SWORD_RODIASTREASURESWORD
201025000451,SWORD_RODIASTREASURESWORD
201025000511,SWORD_EXCALIBUR
201025000521,SWORD_EXCALIBUR
201025000531,SWORD_EXCALIBUR
201025000541,SWORD_EXCALIBUR
201025000551,SWORD_EXCALIBUR
201025000611,SWORD_AZUREDRAGONSWORD
201025000621,SWORD_AZUREDRAGONSWORD
201025000631,SWORD_AZUREDRAGONSWORD
201025000641,SWORD_AZUREDRAGONSWORD
201025000651,SWORD_AZUREDRAGONSWORD
201031000111,BOW_WOODBOW
201031000121,BOW_WOODBOW
201031000131,BOW_WOODBOW
201031000211,BOW_BONEHUNTER
201031000221,BOW_BONEHUNTER
201031000231,BOW_BONEHUNTER
201031000311,BOW_STONEBOW
201031000321,BOW_STONEBOW
201031000331,BOW_STONEBOW
201031000411,BOW_SELFBOW
201031000421,BOW_SELFBOW
201031000431,BOW_SELFBOW
201031000511,BOW_SHORTBOW
201031000521,BOW_SHORTBOW
201031000531,BOW_SHORTBOW
201032000111,BOW_LONGBOW
201032000121,BOW_LONGBOW
201032000131,BOW_LONGBOW
201032000211,BOW_COMPOSITEBOW
201032000221,BOW_COMPOSITEBOW
201032000231,BOW_COMPOSITEBOW
201032000311,BOW_ANCIENTBOW
201032000321,BOW_ANCIENTBOW
201032000331,BOW_ANCIENTBOW
201032000411,BOW_RINGBOW
201032000421,BOW_RINGBOW
201032000431,BOW_RINGBOW
201032000511,BOW_HEAVYBOW
201032000521,BOW_HEAVYBOW
201032000531,BOW_HEAVYBOW
201032000611,BOW_ELEMENTBOW
201032000621,BOW_ELEMENTBOW
201032000631,BOW_ELEMENTBOW
201032000711,BOW_GREATBOWOFMASTER
201032000721,BOW_GREATBOWOFMASTER
201032000731,BOW_GREATBOWOFMASTER
201033000111,BOW_SOULBOW
201033000121,BOW_SOULBOW
201033000131,BOW_SOULBOW
201033000211,BOW_GANDIVA
201033000221,BOW_GANDIVA
201033000231,BOW_GANDIVA
201033000311,BOW_KOREFLOWERBOW
201033000321,BOW_KOREFLOWERBOW
201033000331,BOW_KOREFLOWERBOW
201033000411,BOW_SACREDBOW
201033000421,BOW_SACREDBOW
201033000431,BOW_SACREDBOW
201033000511,BOW_RECURVBOW
201033000521,BOW_RECURVBOW
201033000531,BOW_RECURVBOW
201033000611,BOW_ADAMANBOW
201033000621,BOW_ADAMANBOW
201033000631,BOW_ADAMANBOW
201033000711,BOW_FAIRYBOW
201033000721,BOW_FAIRYBOW
201033000731,BOW_FAIRYBOW
201034000111,BOW_APOLLOSBOW
201034000121,BOW_APOLLOSBOW
201034000131,BOW_APOLLOSBOW
201034000141,BOW_APOLLOSBOW
201034000211,BOW_SPIRITBOW
201034000221,BOW_SPIRITBOW
201034000231,BOW_SPIRITBOW
201034000241,BOW_SPIRITBOW
201034000311,BOW_ARCHERSGREATBOW
201034000321,BOW_ARCHERSGREATBOW
201034000331,BOW_ARCHERSGREATBOW
201034000341,BOW_ARCHERSGREATBOW
201034000411,BOW_BOWOFEXORCISM
201034000421,BOW_BOWOFEXORCISM
201034000431,BOW_BOWOFEXORCISM
201034000441,BOW_BOWOFEXORCISM
201034000511,BOW_ODINBOW
201034000521,BOW_ODINBOW
201034000531,BOW_ODINBOW
201034000541,BOW_ODINBOW
201034000611,BOW_GOLDENMAGICBOW
201034000621,BOW_GOLDENMAGICBOW
201034000631,BOW_GOLDENMAGICBOW
201034000641,BOW_GOLDENMAGICBOW
201035000111,BOW_DEMONGODSBOW
201035000121,BOW_DEMONGODSBOW
201035000131,BOW_DEMONGODSBOW
201035000141,BOW_DEMONGODSBOW
201035000151,BOW_DEMONGODSBOW
201035000211,BOW_FIERCEGODBOW
201035000221,BOW_FIERCEGODBOW
201035000231,BOW_FIERCEGODBOW
201035000241,BOW_FIERCEGODBOW
201035000251,BOW_FIERCEGODBOW
201035000311,BOW_BOWOFARTEMIS
201035000321,BOW_BOWOFARTEMIS
201035000331,BOW_BOWOFARTEMIS
201035000341,BOW_BOWOFARTEMIS
201035000351,BOW_BOWOFARTEMIS
201035000411,BOW_BLUECEREMONIALBOW
201035000421,BOW_BLUECEREMONIALBOW
201035000431,BOW_BLUECEREMONIALBOW
201035000441,BOW_BLUECEREMONIALBOW
201035000451,BOW_BLUECEREMONIALBOW
201035000511,BOW_SAINTKINGSBOW
201035000521,BOW_SAINTKINGSBOW
201035000531,BOW_SAINTKINGSBOW
201035000541,BOW_SAINTKINGSBOW
201035000551,BOW_SAINTKINGSBOW
201035000611,BOW_AKKINEFORT
201035000621,BOW_AKKINEFORT
201035000631,BOW_AKKINEFORT
201035000641,BOW_AKKINEFORT
201035000651,BOW_AKKINEFORT
201041000111,AXE_STONEAXE
201041000121,AXE_STONEAXE
201041000131,AXE_STONEAXE
201041000211,AXE_IRONAXE
201041000221,AXE_IRONAXE
201041000231,AXE_IRONAXE
201041000311,AXE_BROADAXE
201041000321,AXE_BROADAXE
201041000331,AXE_BROADAXE
201041000411,AXE_LUMBERJACKAXE
201041000421,AXE_LUMBERJACKAXE
201041000431,AXE_LUMBERJACKAXE
201041000511,AXE_HANDAXE
201041000521,AXE_HANDAXE
201041000531,AXE_HANDAXE
201042000111,AXE_MAMBELE
201042000121,AXE_MAMBELE
201042000131,AXE_MAMBELE
201042000211,AXE_DANEAXE
201042000221,AXE_DANEAXE
201042000231,AXE_DANEAXE
201042000311,AXE_VAJRAAXE
201042000321,AXE_VAJRAAXE
201042000331,AXE_VAJRAAXE
201042000411,AXE_BARDECHE
201042000421,AXE_BARDECHE
201042000431,AXE_BARDECHE
201042000511,AXE_HALBERD
201042000521,AXE_HALBERD
201042000531,AXE_HALBERD
201042000611,AXE_TOMAHAWK
201042000621,AXE_TOMAHAWK
201042000631,AXE_TOMAHAWK
201042000711,AXE_HEAVYAXE
201042000721,AXE_HEAVYAXE
201042000731,AXE_HEAVYAXE
201043000111,AXE_BOUGIE
201043000121,AXE_BOUGIE
201043000131,AXE_BOUGIE
201043000211,AXE_METALSLASHER
201043000221,AXE_METALSLASHER
201043000231,AXE_METALSLASHER
201043000311,AXE_FRANCESCA
201043000321,AXE_FRANCESCA
201043000331,AXE_FRANCESCA
201043000411,AXE_FANGTIANFIGHTER
201043000421,AXE_FANGTIANFIGHTER
201043000431,AXE_FANGTIANFIGHTER
201043000511,AXE_TONBOGIRISPEAR
201043000521,AXE_TONBOGIRISPEAR
201043000531,AXE_TONBOGIRISPEAR
201043000611,AXE_MITHRILAXE
201043000621,AXE_MITHRILAXE
201043000631,AXE_MITHRILAXE
201043000711,AXE_VERMILLION
201043000721,AXE_VERMILLION
201043000731,AXE_VERMILLION
201044000111,AXE_AXEOFTHEDEVIL
201044000121,AXE_AXEOFTHEDEVIL
201044000131,AXE_AXEOFTHEDEVIL
201044000141,AXE_AXEOFTHEDEVIL
201044000211,AXE_RABULUS
201044000221,AXE_RABULUS
201044000231,AXE_RABULUS
201044000241,AXE_RABULUS
201044000311,AXE_AMADAS
201044000321,AXE_AMADAS
201044000331,AXE_AMADAS
201044000341,AXE_AMADAS
201044000411,AXE_RUNEAXE
201044000421,AXE_RUNEAXE
201044000431,AXE_RUNEAXE
201044000441,AXE_RUNEAXE
201044000511,AXE_CRYSTALAXE
201044000521,AXE_CRYSTALAXE
201044000531,AXE_CRYSTALAXE
201044000541,AXE_CRYSTALAXE
201044000611,AXE_GAEAAXE
201044000621,AXE_GAEAAXE
201044000631,AXE_GAEAAXE
201044000641,AXE_GAEAAXE
201045000111,AXE_GREENWINGAXE
201045000121,AXE_GREENWINGAXE
201045000131,AXE_GREENWINGAXE
201045000141,AXE_GREENWINGAXE
201045000151,AXE_GREENWINGAXE
201045000211,AXE_GODWINGAXE
201045000221,AXE_GODWINGAXE
201045000231,AXE_GODWINGAXE
201045000241,AXE_GODWINGAXE
201045000251,AXE_GODWINGAXE
201045000311,AXE_FIERCEGODTWINAXES
201045000321,AXE_FIERCEGODTWINAXES
201045000331,AXE_FIERCEGODTWINAXES
201045000341,AXE_FIERCEGODTWINAXES
201045000351,AXE_FIERCEGODTWINAXES
201045000411,AXE_INFERNOAXE
201045000421,AXE_INFERNOAXE
201045000431,AXE_INFERNOAXE
201045000441,AXE_INFERNOAXE
201045000451,AXE_INFERNOAXE
201045000511,AXE_GABRALAXE
201045000521,AXE_GABRALAXE
201045000531,AXE_GABRALAXE
201045000541,AXE_GABRALAXE
201045000551,AXE_GABRALAXE
201045000611,AXE_AXEOFTHELIONKING
201045000621,AXE_AXEOFTHELIONKING
201045000631,AXE_AXEOFTHELIONKING
201045000641,AXE_AXEOFTHELIONKING
201045000651,AXE_AXEOFTHELIONKING
201051000111,WAND_OAKCANE
201051000121,WAND_OAKCANE
201051000131,WAND_OAKCANE
201051000211,WAND_WAND
201051000221,WAND_WAND
201051000231,WAND_WAND
201051000311,WAND_RIGHTSTUFF
201051000321,WAND_RIGHTSTUFF
201051000331,WAND_RIGHTSTUFF
201051000411,WAND_MAGICSTICK
201051000421,WAND_MAGICSTICK
201051000431,WAND_MAGICSTICK
201051000511,WAND_WANDOFTHEMAGICSCHOOL
201051000521,WAND_WANDOFTHEMAGICSCHOOL
201051000531,WAND_WANDOFTHEMAGICSCHOOL
201052000111,WAND_BLACKROD
201052000121,WAND_BLACKROD
201052000131,WAND_BLACKROD
201052000211,WAND_MAGESSTAFF
201052000221,WAND_MAGESSTAFF
201052000231,WAND_MAGESSTAFF
201052000311,WAND_GUMBATIN
201052000321,WAND_GUMBATIN
201052000331,WAND_GUMBATIN
201052000411,WAND_RUNEROD
201052000421,WAND_RUNEROD
201052000431,WAND_RUNEROD
201052000511,WAND_QUARTZROD
201052000521,WAND_QUARTZROD
201052000531,WAND_QUARTZROD
201052000611,WAND_DEFECTROD
201052000621,WAND_DEFECTROD
201052000631,WAND_DEFECTROD
201052000711,WAND_ANCIENTROD
201052000721,WAND_ANCIENTROD
201052000731,WAND_ANCIENTROD
201053000111,WAND_GRIDAVOL
201053000121,WAND_GRIDAVOL
201053000131,WAND_GRIDAVOL
201053000211,WAND_WISDOMSTAFF
201053000221,WAND_WISDOMSTAFF
201053000231,WAND_WISDOMSTAFF
201053000311,WAND_STAFFOFREASON
201053000321,WAND_STAFFOFREASON
201053000331,WAND_STAFFOFREASON
201053000411,WAND_STAFFOFDIVINERETRIBUTION
201053000421,WAND_STAFFOFDIVINERETRIBUTION
201053000431,WAND_STAFFOFDIVINERETRIBUTION
201053000511,WAND_DARKROD
201053000521,WAND_DARKROD
201053000531,WAND_DARKROD
201053000611,WAND_FORBIDDENSTAFF
201053000621,WAND_FORBIDDENSTAFF
201053000631,WAND_FORBIDDENSTAFF
201053000711,WAND_RUNESTAFF
201053000721,WAND_RUNESTAFF
201053000731,WAND_RUNESTAFF
201054000111,WAND_REDDEVILSSTAFF
201054000121,WAND_REDDEVILSSTAFF
201054000131,WAND_REDDEVILSSTAFF
201054000141,WAND_REDDEVILSSTAFF
201054000211,WAND_CHAOSWAND
201054000221,WAND_CHAOSWAND
201054000231,WAND_CHAOSWAND
201054000241,WAND_CHAOSWAND
201054000311,WAND_CERYCEION
201054000321,WAND_CERYCEION
201054000331,WAND_CERYCEION
201054000341,WAND_CERYCEION
201054000411,WAND_SHININGROD
201054000421,WAND_SHININGROD
201054000431,WAND_SHININGROD
201054000441,WAND_SHININGROD
201054000511,WAND_SOLOMONSSTAFF
201054000521,WAND_SOLOMONSSTAFF
201054000531,WAND_SOLOMONSSTAFF
201054000541,WAND_SOLOMONSSTAFF
201054000611,WAND_ARCHBISHOPSSTAFF
201054000621,WAND_ARCHBISHOPSSTAFF
201054000631,WAND_ARCHBISHOPSSTAFF
201054000641,WAND_ARCHBISHOPSSTAFF
201055000111,WAND_REQUIEM
201055000121,WAND_REQUIEM
201055000131,WAND_REQUIEM
201055000141,WAND_REQUIEM
201055000151,WAND_REQUIEM
201055000211,WAND_PHOENIXROD
201055000221,WAND_PHOENIXROD
201055000231,WAND_PHOENIXROD
201055000241,WAND_PHOENIXROD
201055000251,WAND_PHOENIXROD
201055000311,WAND_WANDOFTHEGREATSAGE
201055000321,WAND_WANDOFTHEGREATSAGE
201055000331,WAND_WANDOFTHEGREATSAGE
201055000341,WAND_WANDOFTHEGREATSAGE
201055000351,WAND_WANDOFTHEGREATSAGE
201055000411,WAND_MYSTYLUTEIN
201055000421,WAND_MYSTYLUTEIN
201055000431,WAND_MYSTYLUTEIN
201055000441,WAND_MYSTYLUTEIN
201055000451,WAND_MYSTYLUTEIN
201055000511,WAND_TURSUS
201055000521,WAND_TURSUS
201055000531,WAND_TURSUS
201055000541,WAND_TURSUS
201055000551,WAND_TURSUS
201055000611,WAND_NINERINGSCANE
201055000621,WAND_NINERINGSCANE
201055000631,WAND_NINERINGSCANE
201055000641,WAND_NINERINGSCANE
201055000651,WAND_NINERINGSCANE
201061000111,SPEAR_BAMBOOSPEAR
201061000121,SPEAR_BAMBOOSPEAR
201061000131,SPEAR_BAMBOOSPEAR
201061000211,SPEAR_BRONZELANCE
201061000221,SPEAR_BRONZELANCE
201061000231,SPEAR_BRONZELANCE
201061000311,SPEAR_IRONLANCE
201061000321,SPEAR_IRONLANCE
201061000331,SPEAR_IRONLANCE
201061000411,SPEAR_JAVELIN
201061000421,SPEAR_JAVELIN
201061000431,SPEAR_JAVELIN
201061000511,SPEAR_GRAVE
201061000521,SPEAR_GRAVE
201061000531,SPEAR_GRAVE
201062000111,SPEAR_LIGHTPARTIZAN
201062000121,SPEAR_LIGHTPARTIZAN
201062000131,SPEAR_LIGHTPARTIZAN
201062000211,SPEAR_WAVESPEAR
201062000221,SPEAR_WAVESPEAR
201062000231,SPEAR_WAVESPEAR
201062000311,SPEAR_WINGSPEAR
201062000321,SPEAR_WINGSPEAR
201062000331,SPEAR_WINGSPEAR
201062000411,SPEAR_PIKE
201062000421,SPEAR_PIKE
201062000431,SPEAR_PIKE
201062000511,SPEAR_HEAVYPARTISAN
201062000521,SPEAR_HEAVYPARTISAN
201062000531,SPEAR_HEAVYPARTISAN
201062000611,SPEAR_IRONHALBERT
201062000621,SPEAR_IRONHALBERT
201062000631,SPEAR_IRONHALBERT
201062000711,SPEAR_LONGSWORD
201062000721,SPEAR_LONGSWORD
201062000731,SPEAR_LONGSWORD
201063000111,SPEAR_DOUBLEHEADEDSPEAR
201063000121,SPEAR_DOUBLEHEADEDSPEAR
201063000131,SPEAR_DOUBLEHEADEDSPEAR
201063000211,SPEAR_DEMONSPEAR
201063000221,SPEAR_DEMONSPEAR
201063000231,SPEAR_DEMONSPEAR
201063000311,SPEAR_BEAKEDHALBERD
201063000321,SPEAR_BEAKEDHALBERD
201063000331,SPEAR_BEAKEDHALBERD
201063000411,SPEAR_CULGHLAS
201063000421,SPEAR_CULGHLAS
201063000431,SPEAR_CULGHLAS
201063000511,SPEAR_SEADRAGONSWILDSPEAR
201063000521,SPEAR_SEADRAGONSWILDSPEAR
201063000531,SPEAR_SEADRAGONSWILDSPEAR
201063000611,SPEAR_BLOOMLANCE
201063000621,SPEAR_BLOOMLANCE
201063000631,SPEAR_BLOOMLANCE
201063000711,SPEAR_BLAZESPEAR
201063000721,SPEAR_BLAZESPEAR
201063000731,SPEAR_BLAZESPEAR
201064000111,SPEAR_HOLYLANCE
201064000121,SPEAR_HOLYLANCE
201064000131,SPEAR_HOLYLANCE
201064000141,SPEAR_HOLYLANCE
201064000211,SPEAR_BRUNACK
201064000221,SPEAR_BRUNACK
201064000231,SPEAR_BRUNACK
201064000241,SPEAR_BRUNACK
201064000311,SPEAR_GAYBORG
201064000321,SPEAR_GAYBORG
201064000331,SPEAR_GAYBORG
201064000341,SPEAR_GAYBORG
201064000411,SPEAR_TRISHULA
201064000421,SPEAR_TRISHULA
201064000431,SPEAR_TRISHULA
201064000441,SPEAR_TRISHULA
201064000511,SPEAR_TRIDENT
201064000521,SPEAR_TRIDENT
201064000531,SPEAR_TRIDENT
201064000541,SPEAR_TRIDENT
201064000611,SPEAR_HOUTENGAGEKI
201064000621,SPEAR_HOUTENGAGEKI
201064000631,SPEAR_HOUTENGAGEKI
201064000641,SPEAR_HOUTENGAGEKI
201065000111,SPEAR_ARADVAR
201065000121,SPEAR_ARADVAR
201065000131,SPEAR_ARADVAR
201065000141,SPEAR_ARADVAR
201065000151,SPEAR_ARADVAR
201065000211,SPEAR_SPEAROFLONGINUS
201065000221,SPEAR_SPEAROFLONGINUS
201065000231,SPEAR_SPEAROFLONGINUS
201065000241,SPEAR_SPEAROFLONGINUS
201065000251,SPEAR_SPEAROFLONGINUS
201065000311,SPEAR_VALKYRIESPEAR
201065000321,SPEAR_VALKYRIESPEAR
201065000331,SPEAR_VALKYRIESPEAR
201065000341,SPEAR_VALKYRIESPEAR
201065000351,SPEAR_VALKYRIESPEAR
201065000411,SPEAR_FIERCEGODLANCE
201065000421,SPEAR_FIERCEGODLANCE
201065000431,SPEAR_FIERCEGODLANCE
201065000441,SPEAR_FIERCEGODLANCE
201065000451,SPEAR_FIERCEGODLANCE
201065000511,SPEAR_SPIRITSPEARSHAMMERIKS
201065000521,SPEAR_SPIRITSPEARSHAMMERIKS
201065000531,SPEAR_SPIRITSPEARSHAMMERIKS
201065000541,SPEAR_SPIRITSPEARSHAMMERIKS
201065000551,SPEAR_SPIRITSPEARSHAMMERIKS
201065000611,SPEAR_SPEAROFHEAVEN
201065000621,SPEAR_SPEAROFHEAVEN
201065000631,SPEAR_SPEAROFHEAVEN
201065000641,SPEAR_SPEAROFHEAVEN
201065000651,SPEAR_SPEAROFHEAVEN
201071000111,GAUNTLET_LEATHERGAUNTLETS
201071000121,GAUNTLET_LEATHERGAUNTLETS
201071000131,GAUNTLET_LEATHERGAUNTLETS
201071000211,GAUNTLET_KNUCKLE
201071000221,GAUNTLET_KNUCKLE
201071000231,GAUNTLET_KNUCKLE
201071000311,GAUNTLET_ARMGUARD
201071000321,GAUNTLET_ARMGUARD
201071000331,GAUNTLET_ARMGUARD
201071000411,GAUNTLET_IRONKNUCKLE
201071000421,GAUNTLET_IRONKNUCKLE
201071000431,GAUNTLET_IRONKNUCKLE
201071000511,GAUNTLET_GAUNTLET
201071000521,GAUNTLET_GAUNTLET
201071000531,GAUNTLET_GAUNTLET
201072000111,GAUNTLET_FAHRENHEIT
201072000121,GAUNTLET_FAHRENHEIT
201072000131,GAUNTLET_FAHRENHEIT
201072000211,GAUNTLET_MERIKENSAC
201072000221,GAUNTLET_MERIKENSAC
201072000231,GAUNTLET_MERIKENSAC
201072000311,GAUNTLET_GLADIATORSGAUNTLETS
201072000321,GAUNTLET_GLADIATORSGAUNTLETS
201072000331,GAUNTLET_GLADIATORSGAUNTLETS
201072000411,GAUNTLET_BEADLEGUARD
201072000421,GAUNTLET_BEADLEGUARD
201072000431,GAUNTLET_BEADLEGUARD
201072000511,GAUNTLET_IRONFAN
201072000521,GAUNTLET_IRONFAN
201072000531,GAUNTLET_IRONFAN
201072000611,GAUNTLET_METALGLOVE
201072000621,GAUNTLET_METALGLOVE
201072000631,GAUNTLET_METALGLOVE
201072000711,GAUNTLET_TONFA
201072000721,GAUNTLET_TONFA
201072000731,GAUNTLET_TONFA
201073000111,GAUNTLET_POISONKNUCKLE
201073000121,GAUNTLET_POISONKNUCKLE
201073000131,GAUNTLET_POISONKNUCKLE
201073000211,GAUNTLET_KENKONKEN
201073000221,GAUNTLET_KENKONKEN
201073000231,GAUNTLET_KENKONKEN
201073000311,GAUNTLET_CATFIST
201073000321,GAUNTLET_CATFIST
201073000331,GAUNTLET_CATFIST
201073000411,GAUNTLET_UNICORNKNUCKLE
201073000421,GAUNTLET_UNICORNKNUCKLE
201073000431,GAUNTLET_UNICORNKNUCKLE
201073000511,GAUNTLET_IRONMAIDEN
201073000521,GAUNTLET_IRONMAIDEN
201073000531,GAUNTLET_IRONMAIDEN
201073000611,GAUNTLET_DIRTYPUPPET
201073000621,GAUNTLET_DIRTYPUPPET
201073000631,GAUNTLET_DIRTYPUPPET
201073000711,GAUNTLET_TYRANTFIST
201073000721,GAUNTLET_TYRANTFIST
201073000731,GAUNTLET_TYRANTFIST
201074000111,GAUNTLET_COCYTUS
201074000121,GAUNTLET_COCYTUS
201074000131,GAUNTLET_COCYTUS
201074000141,GAUNTLET_COCYTUS
201074000211,GAUNTLET_SCORCHINGGLOVE
201074000221,GAUNTLET_SCORCHINGGLOVE
201074000231,GAUNTLET_SCORCHINGGLOVE
201074000241,GAUNTLET_SCORCHINGGLOVE
201074000311,GAUNTLET_PIACERE
201074000321,GAUNTLET_PIACERE
201074000331,GAUNTLET_PIACERE
201074000341,GAUNTLET_PIACERE
201074000411,GAUNTLET_NORTHERNCROSS
201074000421,GAUNTLET_NORTHERNCROSS
201074000431,GAUNTLET_NORTHERNCROSS
201074000441,GAUNTLET_NORTHERNCROSS
201074000511,GAUNTLET_FISTKINGGAUNTLETS
201074000521,GAUNTLET_FISTKINGGAUNTLETS
201074000531,GAUNTLET_FISTKINGGAUNTLETS
201074000541,GAUNTLET_FISTKINGGAUNTLETS
201074000611,GAUNTLET_GARM
201074000621,GAUNTLET_GARM
201074000631,GAUNTLET_GARM
201074000641,GAUNTLET_GARM
201075000111,GAUNTLET_FIERCEGODGAUNTLETS
201075000121,GAUNTLET_FIERCEGODGAUNTLETS
201075000131,GAUNTLET_FIERCEGODGAUNTLETS
201075000141,GAUNTLET_FIERCEGODGAUNTLETS
201075000151,GAUNTLET_FIERCEGODGAUNTLETS
201075000211,GAUNTLET_ZENONGAUNTLET
201075000221,GAUNTLET_ZENONGAUNTLET
201075000231,GAUNTLET_ZENONGAUNTLET
201075000241,GAUNTLET_ZENONGAUNTLET
201075000251,GAUNTLET_ZENONGAUNTLET
201075000311,GAUNTLET_WHITETIGERCLAW
201075000321,GAUNTLET_WHITETIGERCLAW
201075000331,GAUNTLET_WHITETIGERCLAW
201075000341,GAUNTLET_WHITETIGERCLAW
201075000351,GAUNTLET_WHITETIGERCLAW
201075000411,GAUNTLET_DRAGONLORDSGAUNTLETS
201075000421,GAUNTLET_DRAGONLORDSGAUNTLETS
201075000431,GAUNTLET_DRAGONLORDSGAUNTLETS
201075000441,GAUNTLET_DRAGONLORDSGAUNTLETS
201075000451,GAUNTLET_DRAGONLORDSGAUNTLETS
201075000511,GAUNTLET_LIONDANCEFAN
201075000521,GAUNTLET_LIONDANCEFAN
201075000531,GAUNTLET_LIONDANCEFAN
201075000541,GAUNTLET_LIONDANCEFAN
201075000551,GAUNTLET_LIONDANCEFAN
201075000611,GAUNTLET_GALAXYKNUCKLES
201075000621,GAUNTLET_GALAXYKNUCKLES
201075000631,GAUNTLET_GALAXYKNUCKLES
201075000641,GAUNTLET_GALAXYKNUCKLES
201075000651,GAUNTLET_GALAXYKNUCKLES
201081000111,MACE_CUDGEL
201081000121,MACE_CUDGEL
201081000131,MACE_CUDGEL
201081000211,MACE_BIGHAMMER
201081000221,MACE_BIGHAMMER
201081000231,MACE_BIGHAMMER
201081000311,MACE_BRONZEMACE
201081000321,MACE_BRONZEMACE
201081000331,MACE_BRONZEMACE
201081000411,MACE_IRONMACE
201081000421,MACE_IRONMACE
201081000431,MACE_IRONMACE
201081000511,MACE_SLEDGEHAMMER
201081000521,MACE_SLEDGEHAMMER
201081000531,MACE_SLEDGEHAMMER
201082000111,MACE_MORNINGSTAR
201082000121,MACE_MORNINGSTAR
201082000131,MACE_MORNINGSTAR
201082000211,MACE_MOTHERSMACE
201082000221,MACE_MOTHERSMACE
201082000231,MACE_MOTHERSMACE
201082000311,MACE_FRAIL
201082000321,MACE_FRAIL
201082000331,MACE_FRAIL
201082000411,MACE_BONECRUSHER
201082000421,MACE_BONECRUSHER
201082000431,MACE_BONECRUSHER
201082000511,MACE_MAGICMACE
201082000521,MACE_MAGICMACE
201082000531,MACE_MAGICMACE
201082000611,MACE_BATTLEHAMMER
201082000621,MACE_BATTLEHAMMER
201082000631,MACE_BATTLEHAMMER
201082000711,MACE_STEELHAMMER
201082000721,MACE_STEELHAMMER
201082000731,MACE_STEELHAMMER
201083000111,MACE_WARHAMMER
201083000121,MACE_WARHAMMER
201083000131,MACE_WARHAMMER
201083000211,MACE_LUCERNEHAMMER
201083000221,MACE_LUCERNEHAMMER
201083000231,MACE_LUCERNEHAMMER
201083000311,MACE_PLATINUMMACE
201083000321,MACE_PLATINUMMACE
201083000331,MACE_PLATINUMMACE
201083000411,MACE_GIANTSHAMMER
201083000421,MACE_GIANTSHAMMER
201083000431,MACE_GIANTSHAMMER
201083000511,MACE_GOLDENHAMMER
201083000521,MACE_GOLDENHAMMER
201083000531,MACE_GOLDENHAMMER
201083000611,MACE_WALLBREAKER
201083000621,MACE_WALLBREAKER
201083000631,MACE_WALLBREAKER
201083000711,MACE_LEIOMANO
201083000721,MACE_LEIOMANO
201083000731,MACE_LEIOMANO
201084000111,MACE_DEMONSHAMMER
201084000121,MACE_DEMONSHAMMER
201084000131,MACE_DEMONSHAMMER
201084000141,MACE_DEMONSHAMMER
201084000211,MACE_GARSHASPSCONTRADICTION
201084000221,MACE_GARSHASPSCONTRADICTION
201084000231,MACE_GARSHASPSCONTRADICTION
201084000241,MACE_GARSHASPSCONTRADICTION
201084000311,MACE_BLACKJACK
201084000321,MACE_BLACKJACK
201084000331,MACE_BLACKJACK
201084000341,MACE_BLACKJACK
201084000411,MACE_HEAVYSTAMP
201084000421,MACE_HEAVYSTAMP
201084000431,MACE_HEAVYSTAMP
201084000441,MACE_HEAVYSTAMP
201084000511,MACE_CYCLOPSCLUB
201084000521,MACE_CYCLOPSCLUB
201084000531,MACE_CYCLOPSCLUB
201084000541,MACE_CYCLOPSCLUB
201084000611,MACE_ASURASCUDGEL
201084000621,MACE_ASURASCUDGEL
201084000631,MACE_ASURASCUDGEL
201084000641,MACE_ASURASCUDGEL
201085000111,MACE_MACEOFTHEGODKILLER
201085000121,MACE_MACEOFTHEGODKILLER
201085000131,MACE_MACEOFTHEGODKILLER
201085000141,MACE_MACEOFTHEGODKILLER
201085000151,MACE_MACEOFTHEGODKILLER
201085000211,MACE_MYOLNYL
201085000221,MACE_MYOLNYL
201085000231,MACE_MYOLNYL
201085000241,MACE_MYOLNYL
201085000251,MACE_MYOLNYL
201085000311,MACE_FIERCEGODHAMMER
201085000321,MACE_FIERCEGODHAMMER
201085000331,MACE_FIERCEGODHAMMER
201085000341,MACE_FIERCEGODHAMMER
201085000351,MACE_FIERCEGODHAMMER
201085000411,MACE_GALUSIASPMACE
201085000421,MACE_GALUSIASPMACE
201085000431,MACE_GALUSIASPMACE
201085000441,MACE_GALUSIASPMACE
201085000451,MACE_GALUSIASPMACE
201085000511,MACE_MACEOFTHEFAIRYKING
201085000521,MACE_MACEOFTHEFAIRYKING
201085000531,MACE_MACEOFTHEFAIRYKING
201085000541,MACE_MACEOFTHEFAIRYKING
201085000551,MACE_MACEOFTHEFAIRYKING
201085000611,MACE_HECATONFLAILOFTHEPHANTOM
201085000621,MACE_HECATONFLAILOFTHEPHANTOM
201085000631,MACE_HECATONFLAILOFTHEPHANTOM
201085000641,MACE_HECATONFLAILOFTHEPHANTOM
201085000651,MACE_HECATONFLAILOFTHEPHANTOM
211013000111,DAGGER_SACREDKNIFE
211013000121,DAGGER_SACREDKNIFE
211013000131,DAGGER_SACREDKNIFE
211013000211,DAGGER_POISONBLADE
211013000221,DAGGER_POISONBLADE
211013000231,DAGGER_POISONBLADE
211013000311,DAGGER_SWORDBREAKER
211013000321,DAGGER_SWORDBREAKER
211013000331,DAGGER_SWORDBREAKER
211013000411,DAGGER_FALCHIONKNIFE
211013000421,DAGGER_FALCHIONKNIFE
211013000431,DAGGER_FALCHIONKNIFE
211013000511,DAGGER_ASSASSINSDAGGER
211013000521,DAGGER_ASSASSINSDAGGER
211013000531,DAGGER_ASSASSINSDAGGER
211013000611,DAGGER_STEALTHDAGGER
211013000621,DAGGER_STEALTHDAGGER
211013000631,DAGGER_STEALTHDAGGER
211013000711,DAGGER_CRESCENTDAGGER
211013000721,DAGGER_CRESCENTDAGGER
211013000731,DAGGER_CRESCENTDAGGER
211023000111,SWORD_LEVATEIN
211023000121,SWORD_LEVATEIN
211023000131,SWORD_LEVATEIN
211023000211,SWORD_MALEFICENT
211023000221,SWORD_MALEFICENT
211023000231,SWORD_MALEFICENT
211023000311,SWORD_GALEFORCESWORD
211023000321,SWORD_GALEFORCESWORD
211023000331,SWORD_GALEFORCESWORD
211023000411,SWORD_SOLDIERCHIEFSSWORD
211023000421,SWORD_SOLDIERCHIEFSSWORD
211023000431,SWORD_SOLDIERCHIEFSSWORD
211023000511,SWORD_THEHOLYSWORDOFGRAM
211023000521,SWORD_THEHOLYSWORDOFGRAM
211023000531,SWORD_THEHOLYSWORDOFGRAM
211023000611,SWORD_THEGREATSWORDOFTHEEARTH
211023000621,SWORD_THEGREATSWORDOFTHEEARTH
211023000631,SWORD_THEGREATSWORDOFTHEEARTH
211023000711,SWORD_MAJINSRAPIER
211023000721,SWORD_MAJINSRAPIER
211023000731,SWORD_MAJINSRAPIER
211033000111,BOW_SOULBOW
211033000121,BOW_SOULBOW
211033000131,BOW_SOULBOW
211033000211,BOW_GANDIVA
211033000221,BOW_GANDIVA
211033000231,BOW_GANDIVA
211033000311,BOW_KOREFLOWERBOW
211033000321,BOW_KOREFLOWERBOW
211033000331,BOW_KOREFLOWERBOW
211033000411,BOW_SACREDBOW
211033000421,BOW_SACREDBOW
211033000431,BOW_SACREDBOW
211033000511,BOW_RECURVBOW
211033000521,BOW_RECURVBOW
211033000531,BOW_RECURVBOW
211033000611,BOW_ADAMANBOW
211033000621,BOW_ADAMANBOW
211033000631,BOW_ADAMANBOW
211033000711,BOW_FAIRYBOW
211033000721,BOW_FAIRYBOW
211033000731,BOW_FAIRYBOW
211043000111,AXE_BOUGIE
211043000121,AXE_BOUGIE
211043000131,AXE_BOUGIE
211043000211,AXE_METALSLASHER
211043000221,AXE_METALSLASHER
211043000231,AXE_METALSLASHER
211043000311,AXE_FRANCESCA
211043000321,AXE_FRANCESCA
211043000331,AXE_FRANCESCA
211043000411,AXE_FANGTIANFIGHTER
211043000421,AXE_FANGTIANFIGHTER
211043000431,AXE_FANGTIANFIGHTER
211043000511,AXE_TONBOGIRISPEAR
211043000521,AXE_TONBOGIRISPEAR
211043000531,AXE_TONBOGIRISPEAR
211043000611,AXE_MITHRILAXE
211043000621,AXE_MITHRILAXE
211043000631,AXE_MITHRILAXE
211043000711,AXE_VERMILLION
211043000721,AXE_VERMILLION
211043000731,AXE_VERMILLION
211053000111,WAND_GRIDAVOL
211053000121,WAND_GRIDAVOL
211053000131,WAND_GRIDAVOL
211053000211,WAND_WISDOMSTAFF
211053000221,WAND_WISDOMSTAFF
211053000231,WAND_WISDOMSTAFF
211053000311,WAND_STAFFOFREASON
211053000321,WAND_STAFFOFREASON
211053000331,WAND_STAFFOFREASON
211053000411,WAND_STAFFOFDIVINERETRIBUTION
211053000421,WAND_STAFFOFDIVINERETRIBUTION
211053000431,WAND_STAFFOFDIVINERETRIBUTION
211053000511,WAND_DARKROD
211053000521,WAND_DARKROD
211053000531,WAND_DARKROD
211053000611,WAND_FORBIDDENSTAFF
211053000621,WAND_FORBIDDENSTAFF
211053000631,WAND_FORBIDDENSTAFF
211053000711,WAND_RUNESTAFF
211053000721,WAND_RUNESTAFF
211053000731,WAND_RUNESTAFF
211063000111,SPEAR_DOUBLEHEADEDSPEAR
211063000121,SPEAR_DOUBLEHEADEDSPEAR
211063000131,SPEAR_DOUBLEHEADEDSPEAR
211063000211,SPEAR_DEMONSPEAR
211063000221,SPEAR_DEMONSPEAR
211063000231,SPEAR_DEMONSPEAR
211063000311,SPEAR_BEAKEDHALBERD
211063000321,SPEAR_BEAKEDHALBERD
211063000331,SPEAR_BEAKEDHALBERD
211063000411,SPEAR_CULGHLAS
211063000421,SPEAR_CULGHLAS
211063000431,SPEAR_CULGHLAS
211063000511,SPEAR_SEADRAGONSWILDSPEAR
211063000521,SPEAR_SEADRAGONSWILDSPEAR
211063000531,SPEAR_SEADRAGONSWILDSPEAR
211063000611,SPEAR_BLOOMLANCE
211063000621,SPEAR_BLOOMLANCE
211063000631,SPEAR_BLOOMLANCE
211063000711,SPEAR_BLAZESPEAR
211063000721,SPEAR_BLAZESPEAR
211063000731,SPEAR_BLAZESPEAR
211073000111,GAUNTLET_POISONKNUCKLE
211073000121,GAUNTLET_POISONKNUCKLE
211073000131,GAUNTLET_POISONKNUCKLE
211073000211,GAUNTLET_KENKONKEN
211073000221,GAUNTLET_KENKONKEN
211073000231,GAUNTLET_KENKONKEN
211073000311,GAUNTLET_CATFIST
211073000321,GAUNTLET_CATFIST
211073000331,GAUNTLET_CATFIST
211073000411,GAUNTLET_UNICORNKNUCKLE
211073000421,GAUNTLET_UNICORNKNUCKLE
211073000431,GAUNTLET_UNICORNKNUCKLE
211073000511,GAUNTLET_IRONMAIDEN
211073000521,GAUNTLET_IRONMAIDEN
211073000531,GAUNTLET_IRONMAIDEN
211073000611,GAUNTLET_DIRTYPUPPET
211073000621,GAUNTLET_DIRTYPUPPET
211073000631,GAUNTLET_DIRTYPUPPET
211073000711,GAUNTLET_TYRANTFIST
211073000721,GAUNTLET_TYRANTFIST
211073000731,GAUNTLET_TYRANTFIST
211083000111,MACE_WARHAMMER
211083000121,MACE_WARHAMMER
211083000131,MACE_WARHAMMER
211083000211,MACE_LUCERNEHAMMER
211083000221,MACE_LUCERNEHAMMER
211083000231,MACE_LUCERNEHAMMER
211083000311,MACE_PLATINUMMACE
211083000321,MACE_PLATINUMMACE
211083000331,MACE_PLATINUMMACE
211083000411,MACE_GIANTSHAMMER
211083000421,MACE_GIANTSHAMMER
211083000431,MACE_GIANTSHAMMER
211083000511,MACE_GOLDENHAMMER
211083000521,MACE_GOLDENHAMMER
211083000531,MACE_GOLDENHAMMER
211083000611,MACE_WALLBREAKER
211083000621,MACE_WALLBREAKER
211083000631,MACE_WALLBREAKER
211083000711,MACE_LEIOMANO
211083000721,MACE_LEIOMANO
211083000731,MACE_LEIOMANO
201011000110,DAGGER_OAKKNIFE
201021000110,SWORD_TWIG
201031000110,BOW_WOODBOW
201041000110,AXE_STONEAXE
201051000110,WAND_OAKCANE
201061000110,SPEAR_BAMBOOSPEAR
201071000110,GAUNTLET_LEATHERGAUNTLETS
201081000110,MACE_CUDGEL
201012000110,DAGGER_KATAR
201022000110,SWORD_FALCHION
201032000110,BOW_LONGBOW
201042000110,AXE_MAMBELE
201052000110,WAND_BLACKROD
201062000110,SPEAR_LIGHTPARTIZAN
201072000110,GAUNTLET_FAHRENHEIT
201082000110,MACE_MORNINGSTAR
201013000110,DAGGER_SACREDKNIFE
201023000110,SWORD_LEVATEIN
201033000110,BOW_SOULBOW
201043000110,AXE_BOUGIE
201053000110,WAND_GRIDAVOL
201063000110,SPEAR_DOUBLEHEADEDSPEAR
201073000110,GAUNTLET_POISONKNUCKLE
201083000110,MACE_WARHAMMER
